ID,Waktu,Ketinggian,Temperatur,Kelembapan,Tekanan,Arah Angin,Kecepatan Angin,Lintang,Bujur
980.18,218.00,6.00,-7.774150,110.373435,,,,,
979.98,158.00,14.00,-7.774200,110.373451
MAHESWARA_GSBC2020,00:00:01,2,-53.00,49.00,9995.80,113.00,18.00,-7.774132,110.373435
MAHESWARA_GSBC2020,00:00:02,4,-30.00,72.00,9995.60,24.00,18.00,-7.774100,110.373451
MAHESWARA_GSBC2020,00:00:03,6,-37.00,9.00,9995.40,0.00,5.00,-7.774150,110.373435
MAHESWARA_GSBC2020,00:00:04,8,32.00,42.00,9995.20,27.00,3.00,-7.774200,110.373451
MAHESWARA_GSBC2020,00:00:05,10,-33.00,29.00,9995.00,160.00,12.00,-7.774132,110.373435
MAHESWARA_GSBC2020,00:00:06,12,-57.00,69.00,9994.80,189.00,17.00,-7.774100,110.373451
