ID,Waktu,Ketinggian,Temperatur,Kelembapan,Tekanan,Arah Angin,Kecepatan Angin,Lintang,Bujur
MAHESWARA_GSBC2020,07:00:00,0.28,32.9,53.1,99351.8,0,0.0,0.000000,0.000000
MAHESWARA_GSBC2020,07:00:00,0.23,32.9,52.9,99352.9,0,0.0,0.000000,0.000000
MAHESWARA_GSBC2020,07:00:00,0.30,32.9,52.6,99353.4,0,0.0,0.000000,0.000000
