ID,Waktu,Ketinggian,Temperatur,Kelembapan,Tekanan,Arah Angin,Kecepatan Angin,Lintang,Bujur
20,00:02:02,244,23.00,10.00,9971.58,222.00,14.00,-7.774132,110.373436
MAHESWARA_GSBC2020,00:00:01,2,-27.00,43.00,9995.80,182.00,9.00,-7.774132,110.373436
MAHESWARA_GSBC2020,00:00:02,4,-60.00,8.00,9995.60,232.00,16.00,-7.774132,110.373436
MAHESWARA_GSBC2020,00:00:03,6,-4.00,19.00,9995.40,351.00,11.00,-7.774132,110.373436
MAHESWARA_GSBC2020,00:00:04,8,-17.00,5.00,9995.20,348.00,13.00,-7.774132,110.373436
MAHESWARA_GSBC2020,00:00:05,10,-30.00,66.00,9995.00,209.00,12.00,-7.774132,110.373436
MAHESWARA_GSBC2020,00:00:06,12,-43.00,47.00,9994.80,92.00,8.00,-7.774132,110.373436
